{
  "timestamp": "2026-02-11T07:45:28.305769",
  "device_type": "CPU",
  "model_name": "yolo11n",
  "total_frames": 29,
  "total_time_seconds": 1.5050306419998378,
  "avg_fps": 21.769209713486863,
  "avg_latency_ms": 45.93644019058999,
  "memory_usage_mb": 404.5859375,
  "cpu_usage_percent": 0.0,
  "performance_history": [
    {
      "timestamp": 3374.59175413,
      "fps": 13.094153774644244,
      "latency_ms": 40.96565750000991,
      "memory_mb": 377.7421875
    },
    {
      "timestamp": 3375.606220143,
      "fps": 19.25118864218836,
      "latency_ms": 47.34341045007113,
      "memory_mb": 404.359375
    }
  ]
}