{
  "timestamp": "2026-02-11T07:58:04.580938",
  "device_type": "AMD NPU",
  "model_name": "yolo11n",
  "total_frames": 54,
  "total_time_seconds": 2.937804693000544,
  "avg_fps": 21.640565551766013,
  "avg_latency_ms": 46.209513222189955,
  "memory_usage_mb": 494.0078125,
  "cpu_usage_percent": 0.0,
  "performance_history": [
    {
      "timestamp": 4129.437265768,
      "fps": 12.577739549222912,
      "latency_ms": 43.50924899987755,
      "memory_mb": 464.6640625
    },
    {
      "timestamp": 4130.457267437,
      "fps": 19.099696044976927,
      "latency_ms": 47.2149317999083,
      "memory_mb": 491.3515625
    },
    {
      "timestamp": 4131.473544077,
      "fps": 19.37832502310389,
      "latency_ms": 47.80167549984071,
      "memory_mb": 493.984375
    }
  ]
}